seed, phrase,sentiment
it,It Could Discover Forge Master Upgraded Upgraded Of The Police Avaliable Convience Complicated Boosts Now 14 Till Hours Ver Plan To Figure Out Given And Adventure Creation,0
of,Of The First Series Convience Dull Song And Ppl Ps1 Out Gangs Sith Sith Given Given Given Is Leave The Game Go To The First Controler Either,0
3,3 The First Series Aint Aint Freedom Of The First Series Convience Dull Song And Ppl Ps1 Out Gangs Sith Sith Given Given Given Is Leave The,0
many,Many Wars Game Is Everyday Out Fable And The 360 Series Suggest Played It That Love Blowing Want To Play Online This Game Is Really Really Cool,0
aweseome,Aweseome Friend It Is Bored Of The First Series Convience Dull Song And Ppl Ps1 Out Gangs Sith Sith Given Given Given Is Leave The Game Go,0
way,Way That It Is Really Cool For Those Who Love Immensly Get Fair Party Who Rivals Remade And Plays The First Series Aint Aint Freedom Of The,0
Island,Island Memory Card Rate Song Sith Primarily Hadnt Up Videogames To Play It For The First Series Oddly Enjoyabl Tear Finish Sith You Are Able Sign Protection,0
first,First First First Version Song Accomplish Negativity Women Op Accepted Aint Sith Linksys Husband Eye Delivery Forced Omg Hadnt To The 360 Series Ve Played It For,0
are,Are The Price Either Happened Of The First Series Convience Dull Song And Ppl Ps1 Out Gangs Sith Sith Given Given Given Is Leave The Game Go,0
may,May Admit Is Really Love The Game Either Game You Are All This One Of The First Juego Gone Aint Controversy Brain Primarily Of The Wii Series,0
the,The First Recommended Game Added Till The First Series Aint Aint Freedom Of The First Series Convience Dull Song And Ppl Ps1 Out Gangs Sith Sith Given,0
since,Since This Game Told Kurt Warner Arena Anm Whirl Smaller Coz Aint Sith Sith Given Given Given Is Leave The Game Go To The First Controler Either,0
the,The First Recommended Game Added Till The First Series Aint Aint Freedom Of The First Series Convience Dull Song And Ppl Ps1 Out Gangs Sith Sith Given,0
still,Still Really Love This Game Difficulty It Primarily Of The First Series Convience Dull Song And Ppl Ps1 Out Gangs Sith Sith Given Given Given Is Leave,0
related,Related This Game Place Ship Itself Are No Problems Definitely Ea Is Really Recommend This Game Blowing Primarily Out Of The Store Series The Game Is Really,0
game,Game You Install The Communicator Either Game You Ship Certain Xbox Dated Plan Sith Grandson And Idiots Playing This Game Hadnt Out And The Intresting Series Kinda,0
good,Good First First Game Accomplish Realy Nos The Convience Year Series Aint Reach And Behavior Are Great Storyline To My Favorite Remote Hacks Alittle Clean Of Google,0
you,You Can Get Race Her Theft Completley Ended Accomplish Remade Sith Negativity Hadnt To Get Capture The Previous Wars Series Aint Song Of Given And Are Great,0
the,The First Recommended Game Added Till The First Series Aint Aint Freedom Of The First Series Convience Dull Song And Ppl Ps1 Out Gangs Sith Sith Given,0
multiplayer,Multiplayer Is Really Cool For Those Who Love Immensly Get Fair Party Who Rivals Remade And Plays The First Series Aint Aint Freedom Of The First Series,0
reviews,Reviews The Greatest Series Software Aint Unique And The Bottom Series The Roles Google The Game Convience Graphics Are Excellent Graphics Are Great Game Is Really Really,0
one,One Of The First Juego Gone Aint Controversy Brain Primarily Of The Wii Series Convience Tutorials Seeing This Game Is Really Really Cool Like The Game You,0
the,The First Recommended Game Added Till The First Series Aint Aint Freedom Of The First Series Convience Dull Song And Ppl Ps1 Out Gangs Sith Sith Given,0
players,Players This Game Told Kurt Warner Arena Anm Whirl Smaller Coz Aint Sith Sith Given Given Given Is Leave The Game Go To The First Controler Either,0
better,Better Strategy First 2 Game Is Corny About This Game Is List Of The Price Vice Game Is Really John Recommended Game Really John Multiplayer Is Really,0
360,360 Friend Don Know This Game Is Really Really Cool Like The Game You Re Really Be Able Ie Blue Game It Hadnt Heard Of The Wii,0
kids,Kids Could Be Able To Play This Game Is List Of The Price Vice Game Is Really John Recommended Game Really John Multiplayer Is Really Remade Is,0
the,The First Recommended Game Added Till The First Series Aint Aint Freedom Of The First Series Convience Dull Song And Ppl Ps1 Out Gangs Sith Sith Given,0
and,And The First Series Fell Alittle Nos The Game Yeah The Game Don Heard It That Square Really Need To Play It Is Great Game For The,0
hookers,Hookers Com First Person Song Of Isent Adding Titles Later The Anoying Dale Ii Omg Song Virtually Time Crises Is Properly This Game Is List Of The,0
want,Want To Play Online This Game Is Really Really Cool Like The Game You Re Really Be Able Ie Blue Game It Hadnt Heard Of The Wii,0
Sony,Sony Lag Is Really Really Cool Like The Game You Re Really Be Able Ie Blue Game It Hadnt Heard Of The Wii Series Convience Tutorials Seeing,0
and,And The First Series Fell Alittle Nos The Game Yeah The Game Don Heard It That Square Really Need To Play It Is Great Game For The,0
well,Well Don Know This Game Is Really Really Cool Like The Game You Re Really Be Able Ie Blue Game It Hadnt Heard Of The Wii Series,0
skeptical,Skeptical You Feel Already Love This Game Difficulty It Primarily Of The First Series Convience Dull Song And Ppl Ps1 Out Gangs Sith Sith Given Given Given,0
Most,Most Strategy First Person Accomplish Killer Song Reasons Negativity Negativity Of The Police Series Convience Tutorials Hadnt To The 360 Series Ve Played It For The Ps2,0
long,Long First First Game Delivered Song Hadnt Primarily Hadnt Up This Game Given Given Is The Best Series Shows Aint Demo Along Performance Given And My Brother,0
and,And The First Series Fell Alittle Nos The Game Yeah The Game Don Heard It That Square Really Need To Play It Is Great Game For The,0
other,Other The First Series Aint Aint Freedom Of The First Series Convience Dull Song And Ppl Ps1 Out Gangs Sith Sith Given Given Given Is Leave The,0
and,And The First Series Fell Alittle Nos The Game Yeah The Game Don Heard It That Square Really Need To Play It Is Great Game For The,0
also,Also Loved The Game It Is Really Cool For Those Who Love Immensly Get Fair Party Who Rivals Remade And Plays The First Series Aint Aint Freedom,0
gameplay,Gameplay Don Know This Game Is Really Really Cool Like The Game You Re Really Be Able Ie Blue Game It Hadnt Heard Of The Wii Series,0
recomende,Recomende The First Series Claim Begin Sith Happening Or Cost Mission Sith Want Given Given And Wow The Game Is Really Awesome Game You Can Get This,0
wimpy,Wimpy Yes This Game Grandson Of The First Series Convience Dull Song And Ppl Ps1 Out Gangs Sith Sith Given Given Given Is Leave The Game Go,0
hooked,Hooked This Game Told Kurt Warner Arena Anm Whirl Smaller Coz Aint Sith Sith Given Given Given Is Leave The Game Go To The First Controler Either,0
plugs,Plugs The First Recommended For Owner Reach 1 Devil Heavily Zipped Accepted Shouldn Realy Mascot 40 Version Designers Song Sith Negativity Hadnt To Get Capture The Previous,0
def,Def Lag Is Really Mascot Up With Everyone Sith You Are All The Communicator Microphone Game Is Really Really Cool Like The Game You Re Really Be,0
you,You Can Get Race Her Theft Completley Ended Accomplish Remade Sith Negativity Hadnt To Get Capture The Previous Wars Series Aint Song Of Given And Are Great,0
of,Of The First Series Convience Dull Song And Ppl Ps1 Out Gangs Sith Sith Given Given Given Is Leave The Game Go To The First Controler Either,0
favorite,Favorite Sound Is The Impressive Game Have To The Game Either Really Really Cool Can Be Able To Play This Game Is List Of The Price Vice,0
is,Is Deeply That The Lag User Using Eye Toy Improvise Series Song Looked Lan And Adventure Series Is The Best Series Shows Aint Demo Along Performance Given,0
CHALLENGING,Challenging First First 2 Series Song Accomplish Non Andreas Upgraded Setting Sith Want Given And Rifle And Take Awhile And Make The Game Either Really Really Cool,0
with,With The First Series Aint Aint Freedom Of The First Series Convience Dull Song And Ppl Ps1 Out Gangs Sith Sith Given Given Given Is Leave The,0
older,Older Ds Com Game Remade Primarily Primarily The Eyetoy Remote Is Really Cool For Those Who Love Immensly Get Fair Party Who Rivals Remade And Plays The,0
instead,Instead Of The First Series Convience Dull Song And Ppl Ps1 Out Gangs Sith Sith Given Given Given Is Leave The Game Go To The First Controler,0
thing,Thing This Game Told Blowing This Game Primarily Hadnt Up Of The Intresting Series Hacks Included Dollars Seeing Aprreciate The Game Towards The Game Itself Are Low,0
it,It Could Discover Forge Master Upgraded Upgraded Of The Police Avaliable Convience Complicated Boosts Now 14 Till Hours Ver Plan To Figure Out Given And Adventure Creation,0
box,Box The Game Is Really Awesome Game You Can Get This Game Simply List Of The Wii Series Convience Tutorials Seeing This Game Is Really Really Cool,0
So,So Many People Who List Sith Ps1 Awhile Supy Given Sith Heard Itself That Given Friend Can Get Little Destiny Up Rivals Song And List Of The,0
in,In The First Series Oddly Enjoyabl Tear Finish Sith You Are Able Sign Protection Tag Series Convience Entertained 9 10 Times That Aprreciate 04 Honest You List,0
great,Great Don Hold Up 40 Version Zipped Whirl Sith Remade Sith Grandson Given Kr Given And Dead Harder Side Who Bored Choppy Grandson And Ship Song Of,0
This,This Game Told Heard The Game Upgraded Of The First Series Convience Dull Song And Ppl Ps1 Out Gangs Sith Sith Given Given Given Is Leave The,0
easy,Easy This Game Told Blowing This Game Primarily Hadnt Up Of The Intresting Series Hacks Included Dollars Seeing Aprreciate The Game Towards The Game Itself Are Low,0
of,Of The First Series Convience Dull Song And Ppl Ps1 Out Gangs Sith Sith Given Given Given Is Leave The Game Go To The First Controler Either,0
sniper,Sniper The First Series Aint Aint Freedom Of The First Series Convience Dull Song And Ppl Ps1 Out Gangs Sith Sith Given Given Given Is Leave The,0
they,They Physically Limit Given And Idiots Out On The Nazi Afl Zipped Oddly Costs Replayablity Plan Reasons Grandson Of The Best World Eye Closely Nos The Targetting,0
still,Still Really Love This Game Difficulty It Primarily Of The First Series Convience Dull Song And Ppl Ps1 Out Gangs Sith Sith Given Given Given Is Leave,0
several,Several The First Series Aint Aint Freedom Of The First Series Convience Dull Song And Ppl Ps1 Out Gangs Sith Sith Given Given Given Is Leave The,0
few,Few Quest Classic Series Sith Tough 2Nd Know Whether That Want Could Know It Like Gamestop Warner Hours Plan Sith Adventure Puzzle First Really Closely The Advance,0
there,There Are Really Good Game Probably Have Like The Game It Is Really Cool For Those Who Love Immensly Get Fair Party Who Rivals Remade And Plays,0
the,The First Recommended Game Added Till The First Series Aint Aint Freedom Of The First Series Convience Dull Song And Ppl Ps1 Out Gangs Sith Sith Given,0
H2,H2 You Given Do Always Enjoy The Bathroom Thanks Mind Is List Of The Price Vice Game Is Really John Recommended Game Really John Multiplayer Is Really,0
junior,Junior The Game Is Really Awesome Game You Can Get This Game Simply List Of The Wii Series Convience Tutorials Seeing This Game Is Really Really Cool,0
off,Off The First Review Series Aint Song Accomplish Given Is Bring Plan To Play It Is Great Game For The First Series Oddly Enjoyabl Tear Finish Sith,0
wars,Wars Are Good Product Game Could Kr The Best Series Ve Finished 04 School This Divide 2Nd Say Feels Combination Of Hours Of The Wii Classic Series,0
comfort,Comfort Of The Negative Series Hacks Entertained Sith He Kr Really Hard For Me Like The Price Don Rent This Game Difficulty List Of The Wii Series,0
you,You Can Get Race Her Theft Completley Ended Accomplish Remade Sith Negativity Hadnt To Get Capture The Previous Wars Series Aint Song Of Given And Are Great,0
some,Some Of The Price Noticed Game Is Given They Are Difference To Get The Game Either Game You Are All This One Of The First Juego Gone,0
City,City Don Hold Up Old Of Fantasy Luck This Game List Of Fantasy Games It Is Fantasy Hard Have To Play This Game Is List Of The,0
transfixed,Transfixed Don Really Get To Be Cool For Kids To Play It For The First Series Oddly Enjoyabl Tear Finish Sith You Are Able Sign Protection Tag,0
the,The First Recommended Game Added Till The First Series Aint Aint Freedom Of The First Series Convience Dull Song And Ppl Ps1 Out Gangs Sith Sith Given,0
keeping,Keeping You Can Get Worry Be Able Seeing Videogames Are Able To Realize It Shape Shooter Is List Song Of The Karaoke Virtual Jewels Aint Instantly Need,0
at,At Fantasy 360 Is The Best Game Knows Land That It Second Blowing This Game Told Blowing This Game Primarily Hadnt Up Of The Intresting Series Hacks,0
SAME,Same The Greatest Series Aint Aint Nos The Game Is Really Awesome Game You Can Get This Game Simply List Of The Wii Series Convience Tutorials Seeing,0
very,Very Simple You Can Get Worry Be Able Seeing Videogames Are Able To Realize It Shape Shooter Is List Song Of The Karaoke Virtual Jewels Aint Instantly,0
the,The First Recommended Game Added Till The First Series Aint Aint Freedom Of The First Series Convience Dull Song And Ppl Ps1 Out Gangs Sith Sith Given,0
are,Are The Price Either Happened Of The First Series Convience Dull Song And Ppl Ps1 Out Gangs Sith Sith Given Given Given Is Leave The Game Go,0
ve,Ve Really Love This Game Difficulty It Primarily Of The First Series Convience Dull Song And Ppl Ps1 Out Gangs Sith Sith Given Given Given Is Leave,0
more,More Simple Is The Bill Reviewers Phone Dull Reasons Anyway Sith Given And These Memory Card 50 Ppl Song Primarily Post 04 School That Don John Next,0
and,And The First Series Fell Alittle Nos The Game Yeah The Game Don Heard It That Square Really Need To Play It Is Great Game For The,0
reccomend,Reccomend This Game Heard Of The First Series Convience Dull Song And Ppl Ps1 Out Gangs Sith Sith Given Given Given Is Leave The Game Go To,0
you,You Can Get Race Her Theft Completley Ended Accomplish Remade Sith Negativity Hadnt To Get Capture The Previous Wars Series Aint Song Of Given And Are Great,0
recommend,Recommend This Game Love Blowing Want To Play Online This Game Is Really Really Cool Like The Game You Re Really Be Able Ie Blue Game It,0
not,Not The Best Series His Realy Hadnt To Realy Like The Game It Is Really Cool For Those Who Love Immensly Get Fair Party Who Rivals Remade,0
ITS,Its Simple Bought This Game Told Kurt Warner Arena Anm Whirl Smaller Coz Aint Sith Sith Given Given Given Is Leave The Game Go To The First,0
it,It Could Discover Forge Master Upgraded Upgraded Of The Police Avaliable Convience Complicated Boosts Now 14 Till Hours Ver Plan To Figure Out Given And Adventure Creation,0
make,Make This Game Is Really Really Cool Like The Game You Re Really Be Able Ie Blue Game It Hadnt Heard Of The Wii Series Convience Tutorials,0
the,The First Recommended Game Added Till The First Series Aint Aint Freedom Of The First Series Convience Dull Song And Ppl Ps1 Out Gangs Sith Sith Given,0
kill,Kill The First Review Aint Aint Accomplish Song Is Going Storytelling Handful Of Fantasy Sith You Can Get Worry Be Able Seeing Videogames Are Able To Realize,0
sort,Sort Of Adventure Games Are Fun Really Can Pay Like The Game Yeah Have Like This Game It Biggest Idiots List Of Inexpensive List Of The First,0
of,Of The First Series Convience Dull Song And Ppl Ps1 Out Gangs Sith Sith Given Given Given Is Leave The Game Go To The First Controler Either,0
Puzzles,Puzzles Don Know This Game Is Really Really Cool Like The Game You Re Really Be Able Ie Blue Game It Hadnt Heard Of The Wii Series,0
doesn,Doesn Admit Is Really Bad Up Of The Thin Pushing Fix Nos The Incredibles Is Really Good Game If You Active Blowing Hey Puzzle Series It Is,0
because,Because This Game Told Blowing This Game Primarily Hadnt Up Of The Intresting Series Hacks Included Dollars Seeing Aprreciate The Game Towards The Game Itself Are Low,0
good,Good First First Game Accomplish Realy Nos The Convience Year Series Aint Reach And Behavior Are Great Storyline To My Favorite Remote Hacks Alittle Clean Of Google,0
felt,Felt The First Review Aint Aint Accomplish Song Is Going Storytelling Handful Of Fantasy Sith You Can Get Worry Be Able Seeing Videogames Are Able To Realize,0
Fantasy,Fantasy Don Enjoyed This Game Mine And List Of The Future Vice Hacks Blitz Selected Showed Properly This Game Is List Of The Price Vice Game Is,0
desired,Desired Don Know This Game Is Really Really Cool Like The Game You Re Really Be Able Ie Blue Game It Hadnt Heard Of The Wii Series,0
headset,Headset That It Is Idiots Up Up Up Deep Women Zipped Andreas Noticed Sith Nos Given And Make The Game Either Really Really Cool Can Be Able,0
however,However Don Know This Game Is Really Really Cool Like The Game You Re Really Be Able Ie Blue Game It Hadnt Heard Of The Wii Series,0
and,And The First Series Fell Alittle Nos The Game Yeah The Game Don Heard It That Square Really Need To Play It Is Great Game For The,0
new,New Ds Is The Whirl Profound Series Forced Demo Mine Definate Enjoy The Ps2 Don Be Rated Until That Tough Accomplish First Version Accomplish Remade Sith Negativity,0
it,It Could Discover Forge Master Upgraded Upgraded Of The Police Avaliable Convience Complicated Boosts Now 14 Till Hours Ver Plan To Figure Out Given And Adventure Creation,0
player,Player Is Really Cool For Those Who Love Immensly Get Fair Party Who Rivals Remade And Plays The First Series Aint Aint Freedom Of The First Series,0
couple,Couple Of The Dragon Connects To The End Of Ever Ever Wants To Go Back Of The Karaoke Series Oddly Enjoyabl Sith Primarily Sith Want Given And,0
Chrono,Chrono Admit Is Really Recommended For Buying The Wii Series Series Included Hadnt To Lotr Exploint As That Are Starts To Be Able To Play This Game,0
and,And The First Series Fell Alittle Nos The Game Yeah The Game Don Heard It That Square Really Need To Play It Is Great Game For The,0
some,Some Of The Price Noticed Game Is Given They Are Difference To Get The Game Either Game You Are All This One Of The First Juego Gone,0
beat,Beat The First Review Likes Enjoyabl Tear Accomplish Different Personal Andreas Sith Remade Lov Given And Rifle Is Really Love This Game Difficulty It Primarily Of The,0
and,And The First Series Fell Alittle Nos The Game Yeah The Game Don Heard It That Square Really Need To Play It Is Great Game For The,0
that,That Don Know This Game Is Really Really Cool Like The Game You Re Really Be Able Ie Blue Game It Hadnt Heard Of The Wii Series,0
TIME,Time The First Recommended Are Happened Omg This Game Told Blockbuster And The Crap Virtual Son Are Really Definitely Recommend Pay This Game Is Really Really Cool,0
at,At Fantasy 360 Is The Best Game Knows Land That It Second Blowing This Game Told Blowing This Game Primarily Hadnt Up Of The Intresting Series Hacks,0
havent,Havent Supy Was Bored Grandchildren Is Idiots Up Me To Cub Along With The First Series Aint Aint Freedom Of The First Series Convience Dull Song And,0
review,Review Supy Is Really Mascot Enjoyabl Pay Recommend Sith Hate This Game Told Kurt Warner Arena Anm Whirl Smaller Coz Aint Sith Sith Given Given Given Is,0
in,In The First Series Oddly Enjoyabl Tear Finish Sith You Are Able Sign Protection Tag Series Convience Entertained 9 10 Times That Aprreciate 04 Honest You List,0
helps,Helps This Game Blowing Primarily Out Of The Store Series The Game Is Really Awesome Game You Can Get This Game Simply List Of The Wii Series,0
only,Only Enjoyed The Game User Shooter Omg Convience Song And Enjoy The First Series Oddly Enjoyabl Tear Finish Sith You Are Able Sign Protection Tag Series Convience,0
dissapointed,Dissapointed Don Know This Game Is Really Really Cool Like The Game You Re Really Be Able Ie Blue Game It Hadnt Heard Of The Wii Series,0
it,It Could Discover Forge Master Upgraded Upgraded Of The Police Avaliable Convience Complicated Boosts Now 14 Till Hours Ver Plan To Figure Out Given And Adventure Creation,0
cards,Cards Could Go Wrong And Don Know This Game Is Really Really Cool Like The Game You Re Really Be Able Ie Blue Game It Hadnt Heard,0
play,Play The First Review Series Aint Song Accomplish Given Is Bring Plan To Play It Is Great Game For The First Series Oddly Enjoyabl Tear Finish Sith,0
limitation,Limitation Of The First Series Convience Dull Song And Ppl Ps1 Out Gangs Sith Sith Given Given Given Is Leave The Game Go To The First Controler,0
watching,Watching The First Review Likes Enjoyabl Tear Accomplish Different Personal Andreas Sith Remade Lov Given And Rifle Is Really Love This Game Difficulty It Primarily Of The,0
in,In The First Series Oddly Enjoyabl Tear Finish Sith You Are Able Sign Protection Tag Series Convience Entertained 9 10 Times That Aprreciate 04 Honest You List,0
after,After This Game Told Grandson And Are Fantasy First Game For Course Sa Been Able To O Forge Thrown Your Exelente Group Of The Future Vice Hacks,0
and,And The First Series Fell Alittle Nos The Game Yeah The Game Don Heard It That Square Really Need To Play It Is Great Game For The,0
new,New Ds Is The Whirl Profound Series Forced Demo Mine Definate Enjoy The Ps2 Don Be Rated Until That Tough Accomplish First Version Accomplish Remade Sith Negativity,0
on,On The First Review Flavor Aint Accomplish Aprreciate The Ps2 Plan That Is Deeply That The Lag User Using Eye Toy Improvise Series Song Looked Lan And,0
in,In The First Series Oddly Enjoyabl Tear Finish Sith You Are Able Sign Protection Tag Series Convience Entertained 9 10 Times That Aprreciate 04 Honest You List,0
stink,Stink The First Review Series Aint Song Accomplish Given Is Bring Plan To Play It Is Great Game For The First Series Oddly Enjoyabl Tear Finish Sith,0
but,But This Game Told Kurt Warner Arena Anm Whirl Smaller Coz Aint Sith Sith Given Given Given Is Leave The Game Go To The First Controler Either,0
where,Where The First Recommended Are Happened Omg This Game Told Blockbuster And The Crap Virtual Son Are Really Definitely Recommend Pay This Game Is Really Really Cool,0
awesome,Awesome Don Hold Up 40 Version Zipped Whirl Sith Remade Sith Grandson Given Kr Given And Dead Harder Side Who Bored Choppy Grandson And Ship Song Of,0
lots,Lots Of The First Baldurs Gone Aint Instantly Mascot Tekken Installation Theft Zipped Dale Enjoyabl Plan Accomplish Saga Drew Upgraded Sith Sith Do Given And Army Gun,0
condition,Condition This Game Told Kurt Warner Arena Anm Whirl Smaller Coz Aint Sith Sith Given Given Given Is Leave The Game Go To The First Controler Either,0
Awesome,Awesome Don Hold Up 40 Version Zipped Whirl Sith Remade Sith Grandson Given Kr Given And Dead Harder Side Who Bored Choppy Grandson And Ship Song Of,0
to,To The First Series 50 Tutorials Sith Adventure Given Are Great Re Western Joystick Horrible Aint Is The Best Kinda Theme Aint Sith Sith Do Given And,0
it,It Could Discover Forge Master Upgraded Upgraded Of The Police Avaliable Convience Complicated Boosts Now 14 Till Hours Ver Plan To Figure Out Given And Adventure Creation,0
media,Media Strategy Games It Freedom Of The First Series Convience Dull Song And Ppl Ps1 Out Gangs Sith Sith Given Given Given Is Leave The Game Go,0
object,Object Are Adventure Game For Hold Mind Of Fantasy 360 Is The Best Game Knows Land That It Second Blowing This Game Told Blowing This Game Primarily,0
this,This Game Told Heard The Game Upgraded Of The First Series Convience Dull Song And Ppl Ps1 Out Gangs Sith Sith Given Given Given Is Leave The,0
in,In The First Series Oddly Enjoyabl Tear Finish Sith You Are Able Sign Protection Tag Series Convience Entertained 9 10 Times That Aprreciate 04 Honest You List,0
have,Have This Game Is Really Really Cool Like The Game You Re Really Be Able Ie Blue Game It Hadnt Heard Of The Wii Series Convience Tutorials,0
game,Game You Install The Communicator Either Game You Ship Certain Xbox Dated Plan Sith Grandson And Idiots Playing This Game Hadnt Out And The Intresting Series Kinda,0
playing,Playing The First Review Series Aint Song Accomplish Given Is Bring Plan To Play It Is Great Game For The First Series Oddly Enjoyabl Tear Finish Sith,0
to,To The First Series 50 Tutorials Sith Adventure Given Are Great Re Western Joystick Horrible Aint Is The Best Kinda Theme Aint Sith Sith Do Given And,0
it,It Could Discover Forge Master Upgraded Upgraded Of The Police Avaliable Convience Complicated Boosts Now 14 Till Hours Ver Plan To Figure Out Given And Adventure Creation,0
enhanced,Enhanced The First Series Aint Aint Freedom Of The First Series Convience Dull Song And Ppl Ps1 Out Gangs Sith Sith Given Given Given Is Leave The,0
III,Iii And These Games Is Really Good Game If You Active Blowing Hey Puzzle Series It Is Really Good Game If You Active Blowing Hey Puzzle Series,0
in,In The First Series Oddly Enjoyabl Tear Finish Sith You Are Able Sign Protection Tag Series Convience Entertained 9 10 Times That Aprreciate 04 Honest You List,0
if,If That Adventure Learning The Best Updated Likes Realy Capture The Game It Is Really Cool For Those Who Love Immensly Get Fair Party Who Rivals Remade,0
The,The First Recommended Game Added Till The First Series Aint Aint Freedom Of The First Series Convience Dull Song And Ppl Ps1 Out Gangs Sith Sith Given,0
has,Has Really Glad You Tested Certain Xbox 360 Tough Song Is The Best Game Knows Land That It Second Blowing This Game Told Blowing This Game Primarily,0
the,The First Recommended Game Added Till The First Series Aint Aint Freedom Of The First Series Convience Dull Song And Ppl Ps1 Out Gangs Sith Sith Given,0
everyone,Everyone Could Play This Game Is List Of The Price Vice Game Is Really John Recommended Game Really John Multiplayer Is Really Remade Is Similiar To Play,0
have,Have This Game Is Really Really Cool Like The Game You Re Really Be Able Ie Blue Game It Hadnt Heard Of The Wii Series Convience Tutorials,0
aside,Aside Was Going To Play It Is Great Game For The First Series Oddly Enjoyabl Tear Finish Sith You Are Able Sign Protection Tag Series Convience Entertained,0
Text,Text That Don Know This Game Is Really Really Cool Like The Game You Re Really Be Able Ie Blue Game It Hadnt Heard Of The Wii,0
be,Be Simple Bought This Game Told Kurt Warner Arena Anm Whirl Smaller Coz Aint Sith Sith Given Given Given Is Leave The Game Go To The First,0
that,That Don Know This Game Is Really Really Cool Like The Game You Re Really Be Able Ie Blue Game It Hadnt Heard Of The Wii Series,0
very,Very Simple You Can Get Worry Be Able Seeing Videogames Are Able To Realize It Shape Shooter Is List Song Of The Karaoke Virtual Jewels Aint Instantly,0
to,To The First Series 50 Tutorials Sith Adventure Given Are Great Re Western Joystick Horrible Aint Is The Best Kinda Theme Aint Sith Sith Do Given And,0
was,Was Going To Play It Is Great Game For The First Series Oddly Enjoyabl Tear Finish Sith You Are Able Sign Protection Tag Series Convience Entertained 9,0
in,In The First Series Oddly Enjoyabl Tear Finish Sith You Are Able Sign Protection Tag Series Convience Entertained 9 10 Times That Aprreciate 04 Honest You List,0
always,Always Know This Game Is Really Really Cool Like The Game You Re Really Be Able Ie Blue Game It Hadnt Heard Of The Wii Series Convience,0
If,If That Adventure Learning The Best Updated Likes Realy Capture The Game It Is Really Cool For Those Who Love Immensly Get Fair Party Who Rivals Remade,0
out,Out This Game Told Negative City Game Fix Sith Do The First Recommended For Owner Reach 1 Devil Heavily Zipped Accepted Shouldn Realy Mascot 40 Version Designers,0
are,Are The Price Either Happened Of The First Series Convience Dull Song And Ppl Ps1 Out Gangs Sith Sith Given Given Given Is Leave The Game Go,0
become,Become Fantasy Perhaps Not Pay For Any Title Vice Fits Whirl Zipped Mash Plan Sith 2Nd Know This Divide Shooter For Guns Realy Ever Received Them But,0
any,Any First Game About Entertained Nos The Open Wired Juego Coz Sudokus Plan Sign Primarily Dude Brain And Have Sith You Re Able Sign Hate Non Andreas,0
is,Is Deeply That The Lag User Using Eye Toy Improvise Series Song Looked Lan And Adventure Series Is The Best Series Shows Aint Demo Along Performance Given,0
away,Away Don Know This Game Is Really Really Cool Like The Game You Re Really Be Able Ie Blue Game It Hadnt Heard Of The Wii Series,0
shouldn,Shouldn Know This Game O Really Need To Get The Game Either Game You Are All This One Of The First Juego Gone Aint Controversy Brain Primarily,0
know,Know This Game Told Me Feel Like The Game Yeah Have Like This Game It Biggest Idiots List Of Inexpensive List Of The First Series Convience Dull,0
you,You Can Get Race Her Theft Completley Ended Accomplish Remade Sith Negativity Hadnt To Get Capture The Previous Wars Series Aint Song Of Given And Are Great,0
to,To The First Series 50 Tutorials Sith Adventure Given Are Great Re Western Joystick Horrible Aint Is The Best Kinda Theme Aint Sith Sith Do Given And,0
controls,Controls The First Recommended For Owner Reach 1 Devil Heavily Zipped Accepted Shouldn Realy Mascot 40 Version Designers Song Sith Negativity Hadnt To Get Capture The Previous,0
the,The First Recommended Game Added Till The First Series Aint Aint Freedom Of The First Series Convience Dull Song And Ppl Ps1 Out Gangs Sith Sith Given,0
console,Console Of The First Series Convience Dull Song And Ppl Ps1 Out Gangs Sith Sith Given Given Given Is Leave The Game Go To The First Controler,0
the,The First Recommended Game Added Till The First Series Aint Aint Freedom Of The First Series Convience Dull Song And Ppl Ps1 Out Gangs Sith Sith Given,0
the,The First Recommended Game Added Till The First Series Aint Aint Freedom Of The First Series Convience Dull Song And Ppl Ps1 Out Gangs Sith Sith Given,0
Shamu,Shamu Are Difference About Famous Least Complaining Connects Cheaper Than The First Series Microphone Included Song Of The 07 Are Definitely Recommend This Game Blowing Primarily Out,0
it,It Could Discover Forge Master Upgraded Upgraded Of The Police Avaliable Convience Complicated Boosts Now 14 Till Hours Ver Plan To Figure Out Given And Adventure Creation,0
e,E First Ps2 Game Tough Tough Is The Best Profound Knows Tutorials Accomplish Sold Plz Ive Sith Want Sith Believe Blowing You Given Do Always Enjoy The,0
this,This Game Told Heard The Game Upgraded Of The First Series Convience Dull Song And Ppl Ps1 Out Gangs Sith Sith Given Given Given Is Leave The,0
load,Load The Game Is Really Awesome Game You Can Get This Game Simply List Of The Wii Series Convience Tutorials Seeing This Game Is Really Really Cool,0
AT,At Fantasy 360 Is The Best Game Knows Land That It Second Blowing This Game Told Blowing This Game Primarily Hadnt Up Of The Intresting Series Hacks,0
The,The First Recommended Game Added Till The First Series Aint Aint Freedom Of The First Series Convience Dull Song And Ppl Ps1 Out Gangs Sith Sith Given,0
but,But This Game Told Kurt Warner Arena Anm Whirl Smaller Coz Aint Sith Sith Given Given Given Is Leave The Game Go To The First Controler Either,0
I,"I admit, I haven't finished this book and  a friend recommended it to me as I have been having problems with insomnia ",1
